{"name":"2a263a27-db0c-4a32-87e3-c46d5f1b55da","id":"/providers/Microsoft.Flow/flows/2a263a27-db0c-4a32-87e3-c46d5f1b55da","type":"Microsoft.Flow/flows","properties":{"apiId":"/providers/Microsoft.PowerApps/apis/shared_logicflows","displayName":"mail merge with attachment","definition":{"metadata":{"workflowEntityId":null,"processAdvisorMetadata":null,"flowChargedByPaygo":null,"flowclientsuspensionreason":"None","flowclientsuspensiontime":null,"flowclientsuspensionreasondetails":null,"creator":{"id":"e2555b65-0385-49cb-8cd2-9d5f2f323853","type":"User","tenantId":"48e4597f-f6ce-4925-94d6-17e3be3f5f5a"},"provisioningMethod":"FromDefinition","failureAlertSubscription":true,"clientLastModifiedTime":"2023-06-18T15:49:39.541131Z"},"$schema":"https://schema.management.azure.com/providers/Microsoft.Logic/schemas/2016-06-01/workflowdefinition.json#","contentVersion":"1.0.0.0","parameters":{"$connections":{"defaultValue":{},"type":"Object"},"$authentication":{"defaultValue":{},"type":"SecureObject"}},"triggers":{"manual":{"splitOn":"@triggerBody()['rows']","metadata":{"01YUQUKNW7L6RITVCU2VB23MNBJNTIFNY4":"/tt/test 1.xlsx","operationMetadataId":"51618236-3758-45e6-82c7-aff489c616c6","tableId":"{00000000-000C-0000-FFFF-FFFF00000000}"},"type":"Request","kind":"ApiConnection","inputs":{"schema":{"type":"object","properties":{"rows":{"type":"array","items":{"type":"object","properties":{"entity":{"type":"object","properties":{"Filename_Formatted":{"title":"Filename (Formatted)","type":"string"},"Email":{"title":"Email","type":"any"},"Fname ":{"title":"Fname ","type":"any"},"Lname_Formatted":{"title":"Lname (Formatted)","type":"string"}},"required":["Filename_Formatted","Email","Fname ","Lname_Formatted"]}},"required":["entity"]}}},"required":["rows"]},"host":{"connection":{"name":"@parameters('$connections')['shared_excelonlinebusiness']['connectionId']"},"api":{"runtimeUrl":"https://flow-apim-europe-002-westeurope-01.azure-apim.net/apim/excelonlinebusiness"}},"operationId":"GetRawAndFormattedTableSchema","parameters":{"source":"me","drive":"b!Q3POT91lSUCWaBJKrYnYynaEOjm4CdhPk3mhJfleUuhRj3l1QlDOTaAd6PwzEhEn","file":"01YUQUKNW7L6RITVCU2VB23MNBJNTIFNY4","table":"{00000000-000C-0000-FFFF-FFFF00000000}","formattedPostfix":"Formatted"}}}},"actions":{"List_files_in_folder":{"runAfter":{},"metadata":{"b!Q3POT91lSUCWaBJKrYnYynaEOjm4CdhPk3mhJfleUuhRj3l1QlDOTaAd6PwzEhEn.01YUQUKNRCW54TTWRXNJCYRLOX6SWZGR5D":"/tt","operationMetadataId":"f28605ef-98e1-4b73-bfc9-22ac1bd0ca73"},"type":"OpenApiConnection","inputs":{"host":{"apiId":"/providers/Microsoft.PowerApps/apis/shared_onedriveforbusiness","connectionName":"shared_onedriveforbusiness","operationId":"ListFolderV2"},"parameters":{"id":"b!Q3POT91lSUCWaBJKrYnYynaEOjm4CdhPk3mhJfleUuhRj3l1QlDOTaAd6PwzEhEn.01YUQUKNRCW54TTWRXNJCYRLOX6SWZGR5D"},"authentication":{"value":"@json(decodeBase64(triggerOutputs().headers['X-MS-APIM-Tokens']))['$ConnectionKey']","type":"Raw"}}},"Apply_to_each":{"foreach":"@outputs('List_files_in_folder')?['body/value']","actions":{"Condition":{"actions":{"Get_file_content":{"runAfter":{},"metadata":{"operationMetadataId":"bfaf583b-0c8b-4474-bc5a-da368bbbc636"},"type":"OpenApiConnection","inputs":{"host":{"apiId":"/providers/Microsoft.PowerApps/apis/shared_onedriveforbusiness","connectionName":"shared_onedriveforbusiness","operationId":"GetFileContent"},"parameters":{"id":"@items('Apply_to_each')?['Id']","inferContentType":true},"authentication":{"value":"@json(decodeBase64(triggerOutputs().headers['X-MS-APIM-Tokens']))['$ConnectionKey']","type":"Raw"}}},"Send_an_email_(V2)":{"runAfter":{"Get_file_content":["Succeeded"]},"metadata":{"operationMetadataId":"23213534-7173-4fa8-8691-9909d16b55bc"},"type":"OpenApiConnection","inputs":{"host":{"apiId":"/providers/Microsoft.PowerApps/apis/shared_office365","connectionName":"shared_office365","operationId":"SendEmailV2"},"parameters":{"emailMessage/To":"@triggerBody()?['entity']?['Email']","emailMessage/Subject":"Your work update","emailMessage/Body":"<p>Hello @{triggerBody()?['entity']?['Fname ']} @{triggerBody()?['entity']?['Lname_Formatted']}<br>\n<br>\nPlease find &nbsp;attached &nbsp;your file:@{items('Apply_to_each')?['NameNoExt']}<br>\n Thanks<br>\n <br>\n<br>\nBest Regards,<br>\n<strong>Gift Ahmed<br>\nCEO</strong></p>","emailMessage/Attachments":[{"Name":"@items('Apply_to_each')?['Name']","ContentBytes":"@body('Get_file_content')"}],"emailMessage/Importance":"Normal"},"authentication":{"value":"@json(decodeBase64(triggerOutputs().headers['X-MS-APIM-Tokens']))['$ConnectionKey']","type":"Raw"}}}},"runAfter":{},"expression":{"equals":["@triggerBody()?['entity']?['Filename_Formatted']","@items('Apply_to_each')?['DisplayName']"]},"metadata":{"operationMetadataId":"db22d703-e7e1-41ab-8894-003525d9aa58"},"type":"If"}},"runAfter":{"List_files_in_folder":["Succeeded"]},"metadata":{"operationMetadataId":"4378bc4c-4bb2-494c-a2ea-61a0d50402f2"},"type":"Foreach"}}},"connectionReferences":{"shared_excelonlinebusiness":{"connectionName":"shared-excelonlinebu-8afb1e3e-b4a3-4135-9e6f-437b416b8c41","source":"Invoker","id":"/providers/Microsoft.PowerApps/apis/shared_excelonlinebusiness","tier":"NotSpecified"},"shared_onedriveforbusiness":{"connectionName":"7efabfde70024abfa08491b01480f37e","source":"Invoker","id":"/providers/Microsoft.PowerApps/apis/shared_onedriveforbusiness","tier":"NotSpecified"},"shared_office365":{"connectionName":"shared-office365-6ee7f8c6-8f46-4044-98d5-f8f312ed161b","source":"Invoker","id":"/providers/Microsoft.PowerApps/apis/shared_office365","tier":"NotSpecified"}},"flowFailureAlertSubscribed":false,"isManaged":false}}